{
    "ellipsis_corpus": {
        "accuracy": 0.17412140575079874,
        "recall": 0.17412140575079874,
        "f1": 0.2965986394557823,
        "precision": 1.0,
        "rouge1_precision": 0.4056661478386718,
        "rouge1_recall": 0.3231028500885888,
        "rouge1_f": 0.33850942042656945,
        "rouge2_precision": 0.3040899082005725,
        "rouge2_recall": 0.250515656552205,
        "rouge2_f": 0.25935055718594413,
        "rougeL_precision": 0.40139108318022054,
        "rougeL_recall": 0.3207353471619804,
        "rougeL_f": 0.33566403500741965
    },
    "disrpt_json": {
        "accuracy": 0.258,
        "recall": 0.24109357551394758,
        "f1": 0.1714590278684239,
        "precision": 0.1970557087546001
    },
    "idioms": {
        "literal": {
            "accuracy": 0.74,
            "recall": 0.7291666666666666,
            "f1": 0.7142857142857143,
            "precision": 0.8333333333333333,
            "report": {
                "0": {
                    "precision": 1.0,
                    "recall": 0.4583333333333333,
                    "f1-score": 0.6285714285714286,
                    "support": 24.0
                },
                "1": {
                    "precision": 0.6666666666666666,
                    "recall": 1.0,
                    "f1-score": 0.8,
                    "support": 26.0
                },
                "accuracy": 0.74,
                "macro avg": {
                    "precision": 0.8333333333333333,
                    "recall": 0.7291666666666666,
                    "f1-score": 0.7142857142857143,
                    "support": 50.0
                },
                "weighted avg": {
                    "precision": 0.8266666666666665,
                    "recall": 0.74,
                    "f1-score": 0.7177142857142857,
                    "support": 50.0
                }
            }
        },
        "meaning": {
            "accuracy": 0.52,
            "recall": 0.5111111111111111,
            "f1": 0.5219050974864928,
            "precision": 0.5628019323671497,
            "report": {
                "0": {
                    "precision": 0.7777777777777778,
                    "recall": 0.4666666666666667,
                    "f1-score": 0.5833333333333334,
                    "support": 15.0
                },
                "1": {
                    "precision": 0.5217391304347826,
                    "recall": 0.6,
                    "f1-score": 0.5581395348837209,
                    "support": 20.0
                },
                "2": {
                    "precision": 0.3888888888888889,
                    "recall": 0.4666666666666667,
                    "f1-score": 0.42424242424242425,
                    "support": 15.0
                },
                "accuracy": 0.52,
                "macro avg": {
                    "precision": 0.5628019323671497,
                    "recall": 0.5111111111111111,
                    "f1-score": 0.5219050974864928,
                    "support": 50.0
                },
                "weighted avg": {
                    "precision": 0.558695652173913,
                    "recall": 0.52,
                    "f1-score": 0.5255285412262156,
                    "support": 50.0
                }
            }
        },
        "text": {
            "accuracy": 0.36,
            "recall": 0.38095238095238093,
            "f1": 0.3488529014844804,
            "precision": 0.35064935064935066,
            "report": {
                "0": {
                    "precision": 0.42857142857142855,
                    "recall": 0.25,
                    "f1-score": 0.3157894736842105,
                    "support": 24.0
                },
                "1": {
                    "precision": 0.4090909090909091,
                    "recall": 0.6428571428571429,
                    "f1-score": 0.5,
                    "support": 14.0
                },
                "2": {
                    "precision": 0.21428571428571427,
                    "recall": 0.25,
                    "f1-score": 0.23076923076923078,
                    "support": 12.0
                },
                "accuracy": 0.36,
                "macro avg": {
                    "precision": 0.35064935064935066,
                    "recall": 0.38095238095238093,
                    "f1-score": 0.3488529014844804,
                    "support": 50.0
                },
                "weighted avg": {
                    "precision": 0.3716883116883116,
                    "recall": 0.36,
                    "f1-score": 0.3469635627530364,
                    "support": 50.0
                }
            }
        }
    }
}